{
  "project_info": {
    "project_number": "1057194669056",
    "project_id": "road-side-assistance-15f3f",
    "storage_bucket": "road-side-assistance-15f3f.appspot.com"
  },
  "client": [
    {
      "client_info": {
        "mobilesdk_app_id": "1:1057194669056:android:b5d7f4f1b39c7bed0d94e5",
        "android_client_info": {
          "package_name": "brainybeam.standdapp"
        }
      },
      "oauth_client": [
        {
          "client_id": "1057194669056-4hpugeok45pihknliec0jffn2eg91mbs.apps.googleusercontent.com",
          "client_type": 1,
          "android_info": {
            "package_name": "brainybeam.standdapp",
            "certificate_hash": "4145f15aaf85b4ef704c46f799f84e600c80f560"
          }
        },
        {
          "client_id": "1057194669056-gbukr91siutok0h38b1lg066283a879t.apps.googleusercontent.com",
          "client_type": 3
        }
      ],
      "api_key": [
        {
          "current_key": "AIzaSyB374G04rhaibIjm1i6jO9spsKJm7j9qzc"
        }
      ],
      "services": {
        "appinvite_service": {
          "other_platform_oauth_client": [
            {
              "client_id": "1057194669056-gbukr91siutok0h38b1lg066283a879t.apps.googleusercontent.com",
              "client_type": 3
            }
          ]
        }
      }
    },
    {
      "client_info": {
        "mobilesdk_app_id": "1:1057194669056:android:56b17f68a4ec806c0d94e5",
        "android_client_info": {
          "package_name": "com.brainybeam.roadsideassistance"
        }
      },
      "oauth_client": [
        {
          "client_id": "1057194669056-5mt2o3gfkflo3jv3pghd56p73a9krn3j.apps.googleusercontent.com",
          "client_type": 1,
          "android_info": {
            "package_name": "com.brainybeam.roadsideassistance",
            "certificate_hash": "4145f15aaf85b4ef704c46f799f84e600c80f560"
          }
        },
        {
          "client_id": "1057194669056-gbukr91siutok0h38b1lg066283a879t.apps.googleusercontent.com",
          "client_type": 3
        }
      ],
      "api_key": [
        {
          "current_key": "AIzaSyB374G04rhaibIjm1i6jO9spsKJm7j9qzc"
        }
      ],
      "services": {
        "appinvite_service": {
          "other_platform_oauth_client": [
            {
              "client_id": "1057194669056-gbukr91siutok0h38b1lg066283a879t.apps.googleusercontent.com",
              "client_type": 3
            }
          ]
        }
      }
    },
    {
      "client_info": {
        "mobilesdk_app_id": "1:1057194669056:android:4c4a3e6441c2988c0d94e5",
        "android_client_info": {
          "package_name": "com.project.roadsideassistance"
        }
      },
      "oauth_client": [
        {
          "client_id": "1057194669056-gbukr91siutok0h38b1lg066283a879t.apps.googleusercontent.com",
          "client_type": 3
        }
      ],
      "api_key": [
        {
          "current_key": "AIzaSyB374G04rhaibIjm1i6jO9spsKJm7j9qzc"
        }
      ],
      "services": {
        "appinvite_service": {
          "other_platform_oauth_client": [
            {
              "client_id": "1057194669056-gbukr91siutok0h38b1lg066283a879t.apps.googleusercontent.com",
              "client_type": 3
            }
          ]
        }
      }
    }
  ],
  "configuration_version": "1"
}